KORAT	0.173427519507839
KORAN	0.171285558200148
PODAR	0.166715165628572
SONAR	0.166431977354262
SORLI	0.16571252078189
KATOR	0.164438173547496
SOMAR	0.163521469687673
SOVAI	0.163521469687673
KOBAR	0.163118770908058
KORIT	0.161721631486473
SADOR	0.161495737203402
SODAM	0.161433520689336
VORAM	0.160894150295393
MARIO	0.160275402278362
MARLO	0.159896427971539
KANDO	0.159780199148119
KAIDO	0.159159810290145
SOTAM	0.158238183907494
MOLAR	0.15818417159814
KADOM	0.157725819668229
TARLO	0.157671807358875
VORAN	0.157383696561737
POGAR	0.157321480047671
VORTI	0.157237179901755
KARYO	0.157125873601162
SOBAR	0.156980997782122
KORTA	0.156304955773852
SAILO	0.156102785963573
KOPAM	0.155952987621706
KOSLI	0.155921058944202
SARKO	0.155504480737449
KORPI	0.155010918448148
SAVIO	0.154960187820679
KORAR	0.154677964473584
SAROY	0.154412613222024
HARLO	0.154217006775515
HORAM	0.154018118647121
SONTR	0.153635862658414
PORIM	0.15232630506463
KOREA	0.152106974145329
SAGOR	0.152102051622501
KORUM	0.152009547271873
VOPAR	0.151958816644404
TOMAI	0.151567603751386
SOTER	0.151151778244232
SORLA	0.150878435015576
KIRLO	0.150875153333691
GOVAI	0.150846506338072
SONDI	0.150497819867811
SORTA	0.150167182647917
SOVAY	0.14998217394666
GORDI	0.149956808632926
PAVLO	0.149955167791983
PODER	0.1497210693042
KATHO	0.149707189877063
MORAL	0.149622889731147
KOXEI	0.149579475167045
VALOR	0.149535307903346
MODLI	0.149527103698634
VORIM	0.149188262274027
SORPI	0.148873145322213
VANOR	0.148822414694744
PORIN	0.148815851330974
KORUN	0.148499093538218
SODIT	0.148359140242005
KAYDO	0.148188899109231
PARVO	0.148106239804257
SADON	0.148077592808637
RADIO	0.147976131553699
PORKI	0.147733828861204
SOTAK	0.147224746303823
SADHO	0.146764753532969
MARLI	0.146673890023283
KOLEM	0.146380856703319
TODAY	0.145848049673146
MOTAN	0.145767031209115
KOXIM	0.145728539167841
BODLI	0.145555016353181
SOTRI	0.145310320120146
MOLAN	0.144766027203376
KAPOT	0.144739021048698
MANDO	0.14468172705746
SORLE	0.144585941024947
VAGLO	0.144474634724354
NATOR	0.144116991349782
BORIM	0.144019564476327
TOKAM	0.143828880552645
TORUI	0.14382559887076
HATOR	0.143660280260813
TOYAR	0.143655357737986
HOZAR	0.143539128914565
PAULO	0.143392612254583
VOTER	0.143387689731756
DOGAM	0.143193724126189
BAILO	0.143169999653397
SODTA	0.142942464529384
KOPIT	0.142878607174375
MANEO	0.142853241860641
SOBAY	0.142673155682212
SORUN	0.142361320412282
SARKI	0.142281942789193
KODDI	0.142168319733931
SOKUR	0.142135426129211
VAPOR	0.142113342497361
SIMAO	0.14177778275464
VOXIR	0.141734368190539
KAGOD	0.141597696576211
SAREM	0.141586210689614
MONDI	0.141537120903087
VOSTI	0.141307944938131
MORTA	0.141206483683193
PORIS	0.141167991641919
KALLO	0.141116585100722
TOKLI	0.140883162526667
FATOR	0.140798862380751
RAVLO	0.140545961943003
KODEL	0.140502547378901
SAMKO	0.140460020956144
KITLO	0.140455098433317
KOXEM	0.140440330864835
SAMON	0.140257851145865
KORPA	0.140176832681834
GASOR	0.14011625700871
SOBER	0.139986901457751
ZAITO	0.139804421738781
HAROY	0.139772493061277
MOGAN	0.139568682410056
ZORUI	0.139423806591016
MAZOR	0.139373075963547
XARTI	0.139364871758834
SADDO	0.139175152762368
SONIA	0.139123457207683
HARSO	0.139007228384263
LOKAM	0.138975299706759
KOTTI	0.138972982952089
SOMAZ	0.138854148360511
SOLID	0.138796854369272
KOSAK	0.138748729509961
NASLO	0.138744482900861
SODEA	0.138744482900861
BOREM	0.138731356173321
SODIK	0.138714195064299
TOSLI	0.138597966240878
KOMBI	0.138508743572135
POTIN	0.1383957964306
SATOL	0.138318059648453
DORJI	0.138309855443741
BOLDI	0.138277926766237
MOTAK	0.138264047339099
BOSIR	0.137998020173812
GOMLI	0.137993097650985
SOSLI	0.13782710312731
PODVI	0.137736915531352
BONDI	0.137565033557635
SORKA	0.137525788816762
KAMNI	0.137453727257042
GORMI	0.137428361943307
SOVEM	0.137388229061091
GOVAY	0.13730721059706
MOLAK	0.13726304333336
SOKLA	0.137234396337741
IONTR	0.137119808355263
TOREN	0.136968369172453
FAVOR	0.136943003858719
ZALEO	0.136939722176834
PASOT	0.136888991549364
PORDE	0.13687914650371
PARTY	0.136757995157462
PAVLI	0.136732629843728
ZOMAT	0.136658174743466
POTEM	0.13661804186125
MONAK	0.136550150124758
MARIT	0.136545227601931
ZAGOR	0.136514939765369
SORLO	0.13645532901946
NORSI	0.13631933331886
SOMIA	0.136212949541094
VAFOR	0.136086875672019
PAVTI	0.136021377476068
PADOK	0.135948563216749
XOKTI	0.135798764874882
MAJOR	0.13577504040209
GAZOR	0.13565881157867
NODIM	0.135544223596192
FAIDO	0.135520499123399
PAVOY	0.135510654077745
LOKAN	0.135464845973103
DOXER	0.135364137417763
VOTIN	0.135257753639997
FOSAM	0.135227465803435
SODUN	0.135136602293749
HORVI	0.13494755921101
KOSLE	0.134794479187258
SONGI	0.134683172886665
MAROG	0.134580070790784
PADDO	0.134549107040495
KAMIN	0.134457278603594
SADEM	0.134361492571081
TOLIM	0.134345972303001
MATSO	0.134266594679912
DOTIN	0.134175731170227
MAROP	0.134067706551518
DONUI	0.134030855351187
SOBIT	0.133998926673683
FORTY	0.133960434632409
SOMPI	0.133828685540908
VAREM	0.133822122177138
PADRI	0.133801679386231
MOHAN	0.133750948758762
VANSO	0.133749307917819
MORUN	0.133400621447558
KORNO	0.1333189270698
VATER	0.133309757937873
KOMIZ	0.133286033465081
GORUM	0.133196810796337
BOREA	0.133036414709217
PATOK	0.132753226434907
SOROT	0.132747627998353
PURTO	0.132600146411156
GOYAM	0.132258023304664
BAYLO	0.132199088472483
DADLO	0.132125598299437
MOGAK	0.13206569854004
MODEN	0.131968271666585
DAKOY	0.131922463561943
MAGOT	0.131865169570704
ZALOM	0.13180459389758
POPAY	0.131746623992614
KOTHA	0.131728497956376
SAUDI	0.131715371228837
SOVEA	0.131693287596987
KOMES	0.131599142405416
VADDO	0.131411064249892
MAGIR	0.131203006989571
PORTO	0.131118030929928
PARIS	0.131090059848036
PONDA	0.131037688379624
KURLI	0.130852679678368
POWER	0.130847757155541
DOXIM	0.130744655059659
BODLA	0.130720930586867
SORON	0.130605666690662
SUDOR	0.130576054767827
KALUM	0.130510556571876
PALLO	0.130352766252914
SUDAR	0.130343597120987
BOROI	0.130322478416352
TORUY	0.130286303129748
PORVA	0.13012754788357
PARTS	0.129999833173553
KOLMA	0.129985953746415
MOPAK	0.129841077927376
MARPI	0.129834514563606
SORRY	0.129715968985516
TOVUI	0.129549685448354
DOGUI	0.129546403766469
POROM	0.129490074702445
KOLVA	0.129470307825265
MADRI	0.12946702614338
KARDD	0.129434421552149
MOTAM	0.129159437482551
KOITI	0.129127508805047
KOITO	0.129127508805047
TOLEM	0.129057763999995
COVER	0.129052841477168
SOMOR	0.128979351304122
KOPEL	0.128884241185336
MANGO	0.128867080076314
MAGOY	0.128833510557867
GORIB	0.128747569571008
KUMAR	0.12866162858415
ROMAK	0.128565089852039
PARRI	0.128551287210772
POINT	0.128550322283557
NOVIM	0.128493028292318
PIYAO	0.128470944660468
KOLEJ	0.128451254569159
BAVLI	0.128425889255425
TOXIM	0.128405446464517
MODLE	0.12840052394169
FORUM	0.128370236105128
HALOY	0.128351434155163
PILAR	0.128321146318601
DOLAL	0.12827302145929
VATTO	0.128215727468051
POROT	0.12812158227648
BOSIM	0.128090329512703
SALVI	0.128088688671761
DORIO	0.127988192344037
VORTO	0.127979988139325
KANAR	0.127949700302763
KANKR	0.127949700302763
VORSA	0.127904568111848
NOKRI	0.127902927270906
PORZA	0.127869357752459
SIGAR	0.127749847247154
WOMAN	0.127520671282198
TOPAS	0.127471581495671
MONAN	0.12744554026821
MONAM	0.12744554026821
NORTH	0.127438011977225
ZOTIN	0.12743473029534
MALOK	0.127417569186317
KHALI	0.127350430149424
NASOT	0.127331628199459
RAVLI	0.127323423994747
SAVEM	0.127310297267208
PINTO	0.127266130003508
WORLD	0.127256284957853
PATKI	0.127235842166946
XANTI	0.127230919644119
POLLI	0.127208160098542
POILE	0.127205554330384
KANNI	0.127181153943865
RAVON	0.12699114593391
HANSO	0.126873276269547
KOIDI	0.126758012373342
MARIS	0.126755406605185
VASCO	0.126693190091118
KARAN	0.126665508022714
KOSLO	0.126663867181772
MOWER	0.12651310391269
VOSTA	0.126473859171817
VAZOY	0.126261844315884
RAMON	0.126222599575012
MONEY	0.126169339965256
SADDI	0.125952614814112
RAJEO	0.125927925414105
MARIE	0.125926284573162
POTRA	0.125850188631958
ZOMNI	0.125806774067857
KORPO	0.125753726685718
SARTA	0.125666144857918
SOPUT	0.125660257407875
ZOTEM	0.12565697572599
DIRAM	0.125614449303233
DHALO	0.125589083989498
MATUI	0.125552232789167
MARLE	0.12554731026634
GOZAL	0.125521944952605
NASLI	0.125521944952605
MHALO	0.12547449600702
VOKIL	0.125469573484193
PACHO	0.125464650961366
PIRAY	0.125434363124804
KANDE	0.125431081442919
DANDO	0.125419807783939
DOVAA	0.125418166942997
LOKUI	0.125327979347038
KAMAR	0.125039192636174
LATER	0.125034946027074
VIDEO	0.124839339580565
KAIDE	0.124810692584945
DOTOR	0.124757645202806
MONIS	0.124699386284352
TARIK	0.12467566181156
MOTOR	0.124643057220329
TARUM	0.124608522774667
BOSIN	0.124579875779047
FAYDO	0.124549587942485
KOXTT	0.124520265033139
SAKXI	0.124492293951246
KOROP	0.124469534405669
KOLOY	0.124432683205338
KIMOT	0.124417838850985
TOWER	0.124288483300025
TALIM	0.124268040509118
VORGA	0.124218950722591
DORYA	0.124163297572294
EARLY	0.124143607480985
FORTH	0.124119883008193
VOLLI	0.124070117307939
VOILE	0.124067511539781
ZOXIM	0.124003654184773
MOTTI	0.12387451086143
TALLO	0.123793492397399
LOGNI	0.123781041583587
VAMNI	0.123551865618631
KHOIM	0.123531422827724
BATIM	0.123521577782069
DINAR	0.123388187849626
TOLEA	0.123362822535892
MARUN	0.123322689653675
MINAR	0.123273599867148
KARNA	0.123240995275917
NOVEM	0.123204819989312
TOXEM	0.123117238161512
ZAROO	0.123107605343474
SAINT	0.123098436211547
MATIY	0.123093513688719
TANAO	0.123080599188797
KACHI	0.123005931860919
BARIK	0.122928195078772
BORTO	0.122811290341625
ZOMIN	0.122810325414409
MONTE	0.122780037577848
LAGON	0.122645006804462
VIKTO	0.122618000649785
NODOR	0.122615683895116
PORNO	0.122555108221992
SUMAR	0.122523855458215
GOMTA	0.122447759517011
AUDIO	0.122428957567046
KONNA	0.122424999971434
VACHO	0.122326608170763
KHORI	0.122309447061741
SOSTA	0.122281764993336
GOALS	0.122274236702352
MONNI	0.122160613647089
BOSLA	0.122016413741776
SOIRE	0.121849454290887
HATIM	0.121814243931498
GHALO	0.121760231622143
SAMIL	0.121755309099316
PATIL	0.121753668258374
MOVIE	0.121728302944639
MOVED	0.12169309258525
PORBE	0.121662804748688
MORON	0.121644967725938
PULAR	0.121521210611533
GOROM	0.121441157074717
BADEM	0.121428706260905
PORJE	0.12140334094717
BOSTA	0.121305161374117
GITAR	0.121273232696612
DIVAR	0.121246226541935
SONDD	0.121240628105381
SARKE	0.12115536303225
MONIZ	0.121098069041011
KODDE	0.121041739976987
XOKTA	0.120964679108568
SUGAR	0.120949911540086
VISOR	0.120907385117329
DOVOR	0.120901786680775
ZATIM	0.120867252235113
ROYAL	0.120823084971413
HALIM	0.120813239925758
POLIO	0.120787198698297
SOUTH	0.120782952089197
SAVED	0.120575859756091
NONDI	0.120562945256168
MONTH	0.120526769969564
DAILY	0.120494841292059
DONUY	0.120491559610175
ZODDI	0.120443434750863
MOGEA	0.120390098355236
KOBUL	0.12034996547302
NOTED	0.120326241000227
KOXEO	0.120322283404615
SAKAR	0.120301840613708
MODLO	0.120269911936204
VIROD	0.120194491908727
TAMNI	0.120130634553718
KHOIN	0.120020969094068
LOBAK	0.120020969094068
VIGAR	0.119985758734679
DISLO	0.119962034261886
MAGIT	0.119926823902497
BOTTI	0.119902423515978
ZALIM	0.119866248229373
DOXEA	0.11976150529255
WORDS	0.119751660246896
JANER	0.119746737724068
AILEO	0.119744344183527
SOUND	0.119726294933161
KAZAR	0.119696972023814
KANTA	0.119669965869137
DILEO	0.119560976323214
VHOIR	0.119537251850421
TOTAL	0.119512851463902
MISAR	0.11947831701824
LOWER	0.119434902454139
XALLO	0.119420347113274
NOMAN	0.119312322494566
SODRO	0.119248465139557
MOIRA	0.119181249316792
NODES	0.119097701870475
VAPUR	0.11909442018859
POILO	0.119074942324898
POILI	0.119074942324898
WORTH	0.119038767038294
PAPER	0.11898243797427
TALEM	0.118979832206112
TACHO	0.118905377105851
GAYON	0.118902095423966
BOLLI	0.118901419510239
LOKAK	0.118857252246539
KAPEL	0.118806309391453
PODON	0.118754902850256
KALAM	0.118754902850256
ZOXEM	0.118715445881767
ZANNO	0.118678806909053
KODDU	0.118673884386225
NOTTI	0.118651800754375
PURAY	0.118634427417736
BOREO	0.118613308713102
KABAR	0.118498720730624
WATER	0.118491192439639
PAINT	0.118472390489674
BACON	0.118470749648731
DHOIR	0.118455229380651
FARIK	0.118359443348138
POROS	0.118331761279734
HOSPI	0.118303790197842
MOIST	0.118280065725049
HAJIR	0.11815727353786
PATTI	0.118131232310398
MOCHI	0.117985391564143
ROADS	0.117833199681735
ROBIN	0.117821713795138
VOSTU	0.117813509590426
MARIA	0.117795672567676
MADAR	0.117760462208287
FATRI	0.117730850285452
HARUN	0.117643268457651
LAILO	0.117606629484937
NOVEA	0.117509878525208
ROVIS	0.117482872370531
TOSLE	0.117471386483935
MARLA	0.117416698260853
BONDK	0.117412451651753
COSTY	0.117289659464563
RAMNI	0.117280702560253
SUTAM	0.117240569678036
PANAR	0.117185881454955
PALLI	0.117130228304659
SARNA	0.117103222149982
BOSIK	0.117076891909032
PILAT	0.117044963231527
GOROY	0.117041005635915
SOLVE	0.1170400407087
NATEM	0.116982746717461
SUDAN	0.116925452726222
LATIN	0.116905009935315
PAVUM	0.116891883207775
BOROY	0.11678318267534
MARTA	0.116705445893194
PUSTO	0.116670911447532
TAYER	0.116583329619731
MODOT	0.116562210915096
HOTEL	0.116529317310377
MATIK	0.11648022752385
PATEL	0.116465459955368
BOARD	0.116458143892
HOLDS	0.116273135190744
PAOLO	0.116226651172375
NIKTO	0.116198680090482
KAFIE	0.116155265526381
SIMON	0.116138104417359
MOUNT	0.116131541053589
MADUN	0.116097971535142
VHELO	0.116097971535142
RACHO	0.116055445112385
DOGUY	0.116007108025457
COSTA	0.115994869439261
NACHO	0.11590728761146
XIRKO	0.115826269147429
XAMNI	0.115757489269593
NOELA	0.115656028014655
SOULS	0.115616860059654
PAVLE	0.115606050086784
ZATEM	0.115579043932107
XIKLO	0.115534876668407
ROAST	0.115493991086592
MALIK	0.115479223518111
MODEM	0.115360677940021
ZOMEA	0.115337629380956
FOTTI	0.115333671785344
DUKOR	0.115310623226279
KURTA	0.115307341544394
JOSHI	0.115302419021567
AIDON	0.115295102958199
KULER	0.11529093313497
LAMNI	0.115277053707832
DITAM	0.115194394402858
VOROS	0.115193718489131
DARAM	0.115192077648189
POKXA	0.115110094256942
POUND	0.115100249211288
LONNI	0.115082412188538
MURTI	0.115042955220049
KUPAM	0.114955373392248
MAVXI	0.114899720241952
NAGRI	0.114850630455425
KHOXI	0.114793336464186
SAVUD	0.114783491418531
KHOBR	0.114763048627624
JAHIR	0.114732760791062
RAVOP	0.114717240522982
JITLO	0.114704113795443
MARCY	0.114663980913226
KARYA	0.114646143890477
GOMUN	0.114641897281376
LOVED	0.114614891126699
ZALEM	0.114578039926368
XACHO	0.114532231821726
ZACHO	0.114503584826106
SOSUN	0.114475902757702
BOGOR	0.114472621075817
SOBHA	0.11442584804396
MODON	0.114420249607406
KAMDA	0.114389961770844
SADEA	0.114243445110862
LAGIM	0.114217114869912
KUSTI	0.114212192347084
DILAM	0.114193390397119
PONGD	0.114183545351465
ROZAR	0.114118259383131
RIGLO	0.114083724937469
KELAM	0.114043592055252
POROB	0.113960256836552
ROSTE	0.113910202122809
KAYDE	0.113839781404031
KAMAT	0.1137630095491
MUNDO	0.113762044621885
PARVE	0.113757122099058
LAGLO	0.113742566758193
SOIRI	0.1137188422854
SOIRO	0.1137188422854
MARAT	0.113708997239746
VAREA	0.113704074716919
KURAR	0.113680350244127
FATHR	0.11361388712096
EARTH	0.11359180348911
SANTA	0.113532192743202
PORBO	0.113532192743202
BOSUN	0.113499299138482
DINAM	0.113480497188517
PASAR	0.113390598606047
GORJE	0.113354423319443
SADAN	0.113303016778246
GADDI	0.113277651464511
TAKEN	0.113246398700734
PASTE	0.113241476177907
NOGOR	0.113221998314215
ZALET	0.113209547500403
KITEM	0.113184182186668
ZAVOP	0.113165380236703
BAPUI	0.113157176031991
KALVE	0.113099882040752
RAKHI	0.113087643454557
LOLIM	0.113028032708648
MARKS	0.113023786099548
GOANS	0.113000061626756
RAJYO	0.112968132949252
SAUTE	0.112958287903597
FARES	0.112926359226093
KODDO	0.112911127971501
POOLS	0.112903599680516
GOMES	0.11278640592988
SAKLA	0.112733358547742
LAVOP	0.112713591670561
SOMPE	0.112702105783964
PAGAR	0.112701429870237
FAVOU	0.112680022152115
SOIMB	0.112680022152114
KAKUT	0.112677705397445
TORCH	0.11267674047023
PADRE	0.112675099629287
SOYEG	0.112666895424575
FALEM	0.11266361374269
FANKI	0.112646452633668
SALAM	0.112617129724321
NADAR	0.112537752101232
KHONT	0.11250978101934
SABAR	0.112360947604688
FORMS	0.112304329527177
PIVON	0.112280605054384
PACHI	0.11224211301311
VOSUL	0.11210380055784
SUVAT	0.112016218730039
MATUY	0.112012937048155
GAADI	0.111993459184462
KHUBO	0.111903271588504
GAVPI	0.111844336756323
SOPON	0.111762642378564
PASUN	0.111728107932902
PONNA	0.111661181123626
SOUZA	0.111656934514526
BHARO	0.111520262900198
JIKLO	0.111480130017981
RATIK	0.11140567491772
ZOBAB	0.111368147803661
GITAM	0.111365542035504
GARAM	0.111363225280834
GORBH	0.111360619512676
KOPOL	0.111336219126157
KAPAM	0.111332937444272
SONGH	0.111303325521437
COAST	0.111286164412415
PODOK	0.111251918980241
YARDS	0.111190378379902
GHELO	0.111187096698017
MOLEM	0.11116433715244
DATES	0.111161731384282
PAGUN	0.111038939197093
HARTA	0.11102602469717
MASIK	0.110971047460601
SHYAM	0.11089898590088
MOSTO	0.110854142723453
DOMUS	0.110822889959676
HOMES	0.110821249118734
MHJAI	0.110817967436849
VASLE	0.110814685754964
DITAY	0.110794242964057
COULD	0.110757391763725
LARIA	0.110717471109125
GIRAS	0.110627283513167
TAMIL	0.110569989521928
MILAN	0.110568348680986
WOMEN	0.110526574957827
DAIRY	0.110512695530689
RAVPI	0.11048404853507
DOING	0.110426754543831
SOKOL	0.110397431634484
SUKTI	0.110359615506937
VETAI	0.110281878724791
BOXES	0.110211458006013
LOVES	0.110191015215105
VINAY	0.110162368219486
BILAM	0.110106715069189
TONDD	0.110055308527993
VAVUR	0.110052026846108
VELAR	0.11004942107795
SADHU	0.110047780237008
SALES	0.110047104323281
NOTRE	0.110000331291423
LADLI	0.109913714390838
NOMUD	0.109909467781738
NAYOK	0.109890665831773
NOXIB	0.109877539104233
SUKOY	0.109848892108614
DOGMA	0.109804724844914
POINN	0.109800767249302
SARAH	0.109797485567418
GOBOR	0.109763916048971
POIXE	0.109707297971459
DISAM	0.109685214339609
WARDS	0.109673728453012
TICLO	0.109653285662105
PISAY	0.10950512816118
WORKS	0.109479762847446
MANEK	0.109478122006503
DHAVO	0.109464242579365
BHAIR	0.109427391379034
HARAM	0.109398068469687
TARAN	0.109342415319391
TOSLO	0.109340774478448
SOZOY	0.109329288591851
HABIT	0.109280874719052
MOVZA	0.109258791087202
FARIA	0.10925483349159
DORZO	0.10922618649597
KSAOM	0.109211342141617
PAGES	0.109183447845596
HAVEN	0.109159723372804
TORVO	0.109145168031939
SUMAN	0.10910571106345
VACHI	0.109104070222508
PUTAN	0.109104070222508
HANIK	0.109086909113485
TOPIC	0.109080345749715
BIHAR	0.108999327285684
LOGNA	0.108946955817272
ZAVPI	0.108932188248791
LOUIS	0.108916667980711
SAHIB	0.108908463775999
TADEU	0.108820881948198
BAILE	0.108820881948198
MAARI	0.108806326607333
BOSKA	0.108663767542963
NIDAY	0.108652281656366
VERLI	0.108617071296977
FORCE	0.108613789615092
LOCAL	0.108602515956112
DISOT	0.108549179560485
GHALI	0.108537693673888
XARAM	0.108479723768922
JANET	0.108470554636994
DIRTY	0.108418183168583
DAMUN	0.108392817854848
VOGOT	0.108365135786444
TAKAI	0.108347974677421
PESTO	0.108337164704552
VIRET	0.108333883022667
CANON	0.108317686840859
SAXTT	0.10830456011332
ZOLMA	0.108261068763348
SALLY	0.108216978285519
SONVS	0.108196535494612
VIMAN	0.108141558258042
SOBHE	0.10813335405333
POYLO	0.108104031143984
KENDR	0.108072778380207
VINOD	0.108060539794011
DHONI	0.108033533639334
DACHI	0.108022047752737
KONNO	0.108001893975318
DOESN	0.107968035443383
ROJEA	0.107949233493418
BASIL	0.107937747606821
CHOLI	0.107910741452144
NAGOA	0.107892904429395
HACHO	0.10786097575189
MAKES	0.107823159624343
PADDY	0.107787273351227
PEDRO	0.107770788155932
MASIH	0.107743782001255
LOLEM	0.107739824405643
KHUNI	0.107703649119038
KIRTI	0.107684171255346
TISRO	0.107640679905374
BOSLO	0.107593307745661
SOUSA	0.107582710000408
RAVUM	0.107482677358795
PAVLA	0.107475438081298
PANAM	0.107278190793846
SPRAY	0.107277225866631
JOKES	0.107248578871012
PITTO	0.107234023530147
DOUBT	0.107223213557277
COMES	0.10721829103445
RANNI	0.107008129247076
ZOBOR	0.106851767541439
COUNT	0.106849161773281
BOKDD	0.106797755232085
WORSE	0.106793508622985
NOKRE	0.106776347513962
PAVTA	0.106764185713638
PAVTT	0.106764185713638
DEKAR	0.106744418836458
MARUM	0.106715095927111
MAGUN	0.106704285954242
GOROZ	0.106681526408665
LAXMI	0.106624908331153
LOGIC	0.106451385516494
WOULD	0.106417815998047
DISON	0.106407218252794
DUBAI	0.10636872621152
TOOLS	0.106344325825001
BHASO	0.106292630270316
VOROV	0.106233984451623
THOIM	0.1062083301244
RAVLE	0.106196844237803
CATED	0.106188640033091
DISAN	0.106174760605953
ZALLI	0.106169162169399
COURT	0.106141191087507
LAGPI	0.106137909405622
KITLE	0.106105980728117
POLLE	0.106081580341598
JORGE	0.106077333732498
PUREM	0.106040482532166
BASED	0.105989751904697
RATES	0.105972590795675
JIVEO	0.105939021277228
POSRO	0.105917902572593
NOBEL	0.105821151612865
TOLLA	0.105814800476712
ROSTO	0.105779590117323
VANTT	0.105768104230726
JULAI	0.105765498462569
ROUND	0.105691043362307
TACHI	0.105682839157595
TITLO	0.105666642975788
SHORT	0.10566403720763
GHAVO	0.105635390212011
NAMED	0.105623904325414
LOPES	0.105623904325414
TAKES	0.105598539011679
VOICE	0.105596898170737
HUXAR	0.105566610334175
GONVL	0.105564969493232
SAULU	0.105538928265771
PUTER	0.105528118292901
KHATE	0.105512598024821
SAMAN	0.105483275115474
HANDS	0.105482310188259
LAVUM	0.105479028506374
RAIDS	0.105466789920178
ZAITE	0.105455304033582
MOHIM	0.105437467010832
GORZO	0.105397334128616
MAYEN	0.105389805837631
NADIA	0.105348244342089
THROW	0.105340716051104
GAVUN	0.105332511846392
MALTA	0.10528438698708
VARKA	0.105260662514288
CHEAR	0.105249852541418
SUDIN	0.105219564704856
DUKAM	0.105170474918329
VIXOY	0.105167193236445
VAITT	0.105147715372752
COLVA	0.105089456454298
SADDE	0.104826035057169
MARCH	0.104823429289011
NIROP	0.104725249715957
HERAM	0.104686757674683
VALUE	0.104621259478732
MAZAR	0.104598499933155
SAMMY	0.104593577410328
SOMPO	0.104571493778478
MAINK	0.104492792069116
RAXIK	0.104464145073497
NASLE	0.104395365195661
SAINA	0.104348881177292
SOMOZ	0.10431202997696
RAZOR	0.104272785236088
RAJKI	0.104261975263218
TOUNK	0.104261975263218
FAMIL	0.104253771058506
JHELO	0.104248848535679
NOXTT	0.104199082835425
KABAY	0.104190878630713
DARAK	0.104178640044518
CHAIR	0.104117099444178
SULLO	0.104059129539212
RAVUN	0.103972223625139
NAMNI	0.103949464079562
BODOL	0.103883965883611
PARAB	0.103882325042668
POISO	0.103865163933646
BENTO	0.103825706965157
SANJE	0.103817502760444
FONDD	0.103739090064571
FODDA	0.103694922800871
PAXTT	0.103678514391447
DAVID	0.103634347127748
MULTI	0.103621896313935
GULAM	0.103564602322696
PANVL	0.103535955327077
MAGIC	0.103451655181161
FUGAR	0.103448373499276
TOURS	0.103409128758404
MOZOT	0.103400248639965
HASTE	0.103227401739032
NHOIM	0.10321024063001
DUSRO	0.103179952793448
BIYEO	0.103170107747793
FUDOM	0.103166826065909
NAGAR	0.103144066520332
FOLKS	0.103139819911232
LOFOR	0.103115419524712
NOVEO	0.103086772529093
NOVEN	0.103086772529093
KHOLL	0.103034401060681
SOMZO	0.103027837696911
FARAN	0.103026196855969
CHALI	0.102969578778457
MAJIK	0.102915566469103
VHELI	0.102875433586887
ZOHRA	0.102873040046346
RACHI	0.102832907164129
VOSRO	0.102779859781991
RAKES	0.102748607018213
MOTTE	0.102747931104486
GAMES	0.102708474135997
THOIN	0.102697876390744
MOUZA	0.102696235549802
NACHI	0.102684749663205
BOSEO	0.102684073749478
BEKAR	0.102657743508528
VEPAR	0.102627455671966
KOBZO	0.102625138917296
KIRIN	0.102545761294208
LAYKI	0.102517790212315
VAYAR	0.102456538625464
VOZON	0.102454897784522
BOSKE	0.102371273552333
MINAK	0.102352471602368
KELIM	0.102337704033886
KHOTT	0.102323148693021
AIKOL	0.102311586020553
FOUND	0.102224756892351
MARSA	0.102206919869601
MANDD	0.102201997346774
KINDS	0.102140456746435
ROGOT	0.102093972728066
PATNA	0.102057121527734
LOLEA	0.102044882941539
VASTA	0.101972821381818
LAVUN	0.101968574772718
LOTTA	0.101962223636565
PAISE	0.101917844145249
VIKAS	0.101894119672456
TAXES	0.101880992944917
SONSO	0.101864120849383
KELEO	0.101863155922167
DOLLE	0.101861515081225
ZHOIM	0.101806537844656
GOING	0.101751849621574
TABLE	0.10173775796682
SUPER	0.10173119460305
DOSRO	0.10169783731222
PIRES	0.101682104816523
DUKAN	0.101660021184673
KHAST	0.101633015029996
TUJAI	0.101629733348112
FOKOT	0.101602051279707
PUTAK	0.101601086352492
QURAN	0.101567516834045
HAVES	0.101511863683749
RISKO	0.101420247474465
BAYEN	0.101417718492178
VURTA	0.101405479905983
BAPAI	0.101401522310371
CARRY	0.101394958946601
JUGAR	0.101336700028147
XACHI	0.10130969387347
FAITH	0.10128761024162
THAIM	0.101267167450713
TURIN	0.101258963246001
BOXEO	0.101251723968504
DHEAN	0.101228675409439
SANGH	0.101225393727554
KUXIN	0.101220471204727
NAMES	0.101200028413819
DHOVI	0.101182867304797
KHORE	0.101182867304797
KUDDI	0.101170705504473
XIKOY	0.101090362954169
COBRA	0.101068279322319
MIXER	0.101051870912895
APLOI	0.100965177226438
JAVED	0.100962648244152
BHOIN	0.100950409657956
BHERO	0.100947127976071
PAULA	0.100912882543898
PAULU	0.100912882543898
BOSOY	0.100853947711716
MAGLA	0.10079829456142
CHITR	0.100738394802023
TANAM	0.100718916938331
LOJEK	0.10062708850143
BAZAR	0.100626412587703
THEIR	0.100601723187695
PULAK	0.100600082346753
MARPA	0.100577322801176
RIGON	0.100528908928376
DIYAT	0.100520704723664
LAGLI	0.100520028809937
MOTTH	0.100494663496202
CAITU	0.100431482054921
KUNBI	0.100421637009267
NEMLO	0.100375828904624
LASUN	0.100315253231501
GAITA	0.100236840535627
XIVAY	0.100226030562757
PAUTA	0.100201630176238
PAUTT	0.100201630176238
BASIC	0.100168736571518
COFFI	0.100142695344057
VARCA	0.100142695344057
VURPI	0.10011144258028
MAGTA	0.10008704219376
VAKEA	0.100060036039083
HOURS	0.0999543281750444
WANTS	0.0999092727700008
MEZAR	0.099887189138151
NUKAM	0.0998331768287968
JACOB	0.0997709603147307
YOUTH	0.0997169480053765
LAGUN	0.0996260844956909
BAPUY	0.0996178802909789
MOUSE	0.099576994709164
LARGE	0.0995737130272792
LEKAR	0.0995516293954293
TIRED	0.0995467068726021
KHUXI	0.0994795678357087
TALKS	0.0993781065807701
KUSTA	0.0993781065807701
PARRA	0.0992940954483423
BAYNT	0.0991947387204564
KURPA	0.0991792184523762
BOOST	0.0991769016977067
ADLEO	0.0991620573433536
DOKHO	0.0990975240746179
VODDO	0.09900926633309
BAZUN	0.0989639219145582
XAPAI	0.0987758437590341
FULAM	0.0987380276314872
PROTI	0.0987339932500039
NIBAM	0.0986922195268451
DISAK	0.0986717767359377
ROMPE	0.0986668542131105
KALLA	0.0986368553900368
MHOJI	0.0986365663765486
PUNOV	0.0986316438537214
ASLEO	0.0985907582719066
BAHAR	0.0985769556306402
MISAK	0.0985571887534599
DHYAN	0.0985424211849782
GIRLS	0.0985424211849782
CAKES	0.0985407803440357
KURDD	0.098514739116574
SHIRT	0.0984343965662699
AITEM	0.0983836659388006
SEVAD	0.0983165269019072
VIJAY	0.09831160437908
KUZIN	0.0981953755556597
DHORM	0.0981864186513491
HEROD	0.0981847778104067
TOKOS	0.098128448746383
USRAM	0.0981242021372829
KHALA	0.098093238386994
AGRHO	0.0980800348735833
ROCHA	0.0980767531916985
UTRAM	0.0980685489869864
RAVLA	0.0980662322323169
ZATAM	0.0980310218729278
NOVRO	0.0980138607639052
KITLI	0.0979753687226312
POLLO	0.0979509683361119
CHORI	0.0979285956907739
BASIS	0.0978943502586
MAYEK	0.0978868219676151
RANAM	0.0978689849448654
JIREM	0.0978532524491684
DADLE	0.0977764805942373
KUSAA	0.0977511152805027
AIRES	0.0976454074164639
MATXE	0.0976289990070399
VAZTA	0.0975153759517773
XARAK	0.0974662861652504
AILEM	0.0973826619330615
KHATT	0.0973819860193344
KHATA	0.0973819860193344
RAVTA	0.0973549798646573
ZAITI	0.0973246920280954
AICHO	0.0973082068327999
MERIT	0.0972917984233758
MATYE	0.0972582289049291
DILEM	0.0971992940727478
DICHO	0.0971248389724862
JOANA	0.0971020794269093
MAGAT	0.0970905935403124
LIVER	0.0970593407765352
ZALAM	0.0970300178671886
PANCH	0.0970241304171461
APLEO	0.0969611612034814
PEPOR	0.0969555627669271
XIGMO	0.096951316157827
FOODS	0.096947358562215
LAITT	0.0968729034619535
LAITA	0.0968729034619535
TELAM	0.0967204993519288
NILLO	0.096675656174502
COUTO	0.0966625294469627
DAMAN	0.0966371641332281
NOGOD	0.0965798701419891
NIKAL	0.0965584624238664
THEVO	0.0965518990600968
SAJAN	0.0965430189416576
HAZEL	0.0964847600232034
RAJIV	0.0963530109317029
ZAVNK	0.0963448067269908
MAMMI	0.0963312163133412
PANAK	0.0962647531901749
SUSAN	0.0962647531901749
SUKHI	0.0962032125898359
SENAK	0.0961794881170436
KEVIN	0.0959723957839377
KEXEO	0.0959226300836837
LAVNK	0.0958930181608489
DIVOP	0.095786634383083
JAMES	0.0957702259736589
HOKOL	0.0957573114737365
LONCH	0.0956892075096278
PAYAM	0.0956868907549582
NASTA	0.0955535008225153
FARAK	0.0955232129859534
PIXEM	0.095478833494637
HATAN	0.0954675598356569
GELOM	0.0954633132265568
MAINA	0.0953881822125681
FUKOT	0.0953790130806408
MAHIM	0.0953595352169487
SANGN	0.0953480493303518
SAIBA	0.095325965698502
GARZA	0.0953194023347323
RANEN	0.0952989595438249
WASTE	0.0952848678890703
GELAM	0.0952308555797162
SAUCE	0.0951989269022119
YAHOO	0.0951925757660591
MULLO	0.0950984305744886
VASKU	0.0950941839653885
DITAT	0.0950763469426388
DARAR	0.0950740301879692
KAMAK	0.0950134545148455
KAMAM	0.0950134545148455
KHADD	0.0950124895876302
AARON	0.0949748856877001
BOYEO	0.0948880565594978
NAKAT	0.0948422484548558
MHOTV	0.0948412835276404
COSME	0.0948044323273089
TICHO	0.0947856303773439
SAFAY	0.0947685460541927
PATTH	0.0947513849451701
FINAL	0.0947504200179548
HACHI	0.0946384378036346
MOTTO	0.0946173190990001
KUJIN	0.094597339994203
MANUN	0.0945811438123957
FULOY	0.0945703338395259
VIKTA	0.0945613769352154
UTRAN	0.0945580952533305
DESAM	0.0945515318895609
AILOI	0.0944911684440539
BIRTH	0.0944909562164371
ZAYTE	0.0944843928526675
HUMAN	0.0944655909027025
ZALEA	0.0944599924661481
MATCH	0.0944033743886363
RAVAT	0.0943585312112095
XIZOY	0.0943477212383398
DILOI	0.0943078005837402
SEVOK	0.0942699844561934
SIZOI	0.0941882900784351
ROCKS	0.0941283903190384
GODDO	0.0940983914959647
DHABI	0.0940694554868571
HUSKO	0.094015443177503
FANCY	0.0939891897224244
BAYEK	0.0939147346221629
THAVI	0.0939024960359675
HOUSE	0.0938975735131403
EKLOI	0.0938787715631752
ZOLMO	0.0938379627672318
KHONN	0.0937602259850854
TOKYO	0.0937569443032006
DOUGH	0.0937526976941005
ROQUE	0.0937510568531581
DOLLO	0.0937309030757388
CHANI	0.0936954037028615
KHOXE	0.0936667567072421
MATKA	0.0936439971616651
PIYAV	0.0936078218750607
YOURS	0.0935284442519719
VADYA	0.0935195641335328
CHRIS	0.093516958365375
ASLOM	0.0934556299926528
FACED	0.0934514601694241
SCRAP	0.093405652064782
XETAM	0.0933483580735431
FOCUS	0.0933131477141539
XEZAR	0.0932894232413617
MINAM	0.0932478617458197
SHOOT	0.0931889269136384
MEDAL	0.0930668106401756
KHORO	0.0930522552993107
DONDD	0.0930180098671368
LAGTA	0.0930088407352095
CHARI	0.0929874330170868
LOBON	0.0929818345805324
TENKO	0.0929317798667902
MUSOL	0.0929284981849054
MAFIA	0.0929261814302359
SHOWN	0.0928343529933349
DANCH	0.0928040651567731
KIRMI	0.0927862281340233
UPKAR	0.092758257052131
VIRUS	0.0927516936883613
MAPAN	0.0927240116199572
DEVAN	0.0926943996971224
GAZTA	0.092604501114652
FALEA	0.0925455662824707
RAISE	0.0925086382962678
SYRIA	0.0923907686319051
LAIKE	0.0923621216362856
BEJAR	0.092317066231242
VISTA	0.0922761806494272
PAVSA	0.0922656596900456
JULAY	0.0922262027215564
PETTO	0.0921003410800984
LOBBY	0.0920921368753864
VIVAD	0.0920766166073062
SURYA	0.0920117943250823
SHOES	0.0919873939385629
SHALL	0.0919554652610586
UIDAI	0.0919350224701512
MANAK	0.091930099947324
FOTTU	0.0918392364376383
TOUCH	0.091838271510423
SUTTI	0.0918375955966959
DURIG	0.0918366306694806
CHEAN	0.0918317081466534
QUALI	0.0916663895367062
ZANVK	0.0916361017001443
PIETY	0.0915992504998128
PHOTO	0.0915593298452132
TEGAM	0.0915231545586088
DILEA	0.0915043526086438
BAZUK	0.0914609380445427
NOURO	0.091451305226505
VEGAN	0.0914339318898656
BAINA	0.0914160948671159
TOUGH	0.0914134890989582
RIVAZ	0.0913897646261659
GULLO	0.0913841661896116
DEXIR	0.0913209847483301
RUPAN	0.0912718949618032
BOOKS	0.091244212893399
DISTA	0.0911941581796569
KEDNA	0.0911859539749448
COACH	0.0911664761112527
SYNOD	0.0911556661383829
PHONE	0.0911270191427634
PACHE	0.0911155332561666
UGTEO	0.091098372147144
DESAN	0.091041078155905
HERUI	0.0910394373149626
THUIM	0.0908945614959228
VISOV	0.0908816469960004
SHANE	0.0908119021909493
LAKHS	0.0907865368772146
FUDDO	0.0907539322859832
AITAR	0.0907433345407302
ITLEO	0.0906817939403912
VISAS	0.0906491893491598
RUPOY	0.0906146549034978
UZRAY	0.0905507975484892
ROMPO	0.0905362422076243
TANCH	0.0904648565616308
FALSE	0.0903756338928875
SIZED	0.0903453460563256
VAHAN	0.0903275090335759
PILES	0.0902610459104096
HANXE	0.090235680596675
NAZUK	0.0902103152829403
KLASI	0.0901947950148601
SIDES	0.0901236983823548
YOUNG	0.0901227334551395
SHARE	0.0901039315051745
MAGUM	0.0900966922276777
CHEMO	0.090009786313604
LAWRY	0.0899762167951573
DUSRI	0.0899574148451923
VOCHO	0.0899248102539609
RAGAN	0.0898740796264916
ZAUNK	0.0897822511895907
BEGAM	0.089775687825821
BHAJI	0.0897233163574093
XIKOP	0.0897061552483867
TANKA	0.0897054793346596
JUDAS	0.0896643815252279
JERAL	0.0896390162114933
MAAKD	0.0895622443565622
JIVAK	0.0895579977474621
SIGHT	0.0895211465471306
RELAY	0.0894704159196613
MISAM	0.0894525788969115
RANGE	0.0894434097649842
RAKNA	0.0894239319012921
AIKUM	0.0893673138237802
BHOKT	0.0893607504600106
LAUNK	0.0893304626234487
ZAGEA	0.0892626476728282
EDGAR	0.0892158746409708
MINUT	0.0892109521181436
SILVA	0.0891348561769396
MAHAN	0.0891308985813277
BOSCO	0.0891226943766156
FACES	0.0890275842578299
EKDOM	0.0889359680485457
SUYOG	0.0888958351663294
DEMPO	0.0888737515344796
BHOSM	0.0888721106935371
KHANN	0.0888190633113983
NAEEM	0.0888157816295135
GUILT	0.0887779655019667
ZAINA	0.0887617693201594
GHANT	0.0887558818701169
BAPAN	0.0887519242745049
PULIS	0.0887493185063472
MOCHO	0.0887281998017127
EKDAM	0.0887035104017051
DIARY	0.0886814267698553
ZUARI	0.0886797859289129
GHORA	0.0886626248198903
BALLS	0.088526029991434
BUILT	0.0885201425413914
HUBLI	0.0884898547048296
VELIM	0.0884358423954754
NOLLO	0.0883936049862064
XEVOT	0.0883564647723867
FIRST	0.0882958890992629
FLOAT	0.0882836505130675
VIKTE	0.0882688829445858
TIATR	0.0881749499806321
LOOKS	0.0881380987803006
SHIFT	0.0881190846027188
CHIKR	0.088097000970869
TUFAN	0.0880953601299266
VHELA	0.0880413478205724
GULAB	0.0880347844568028
WALKS	0.0879807721474487
VACHE	0.0879774904655639
HATAK	0.0879645759656414
VELLO	0.0879612942837566
SVOTA	0.0879480907703459
SHAWN	0.0878931903196479
ROOMS	0.0878851983425526
BAPAY	0.0878622265693589
YETAM	0.0878408188512361
SUDHA	0.0877884473828244
DIXEN	0.0877483145006081
PERIG	0.0877229491868734
MALBA	0.0876985488003541
STAIN	0.0875691164635231
KHELL	0.0875201034628676
BLAIR	0.0874815346357223
XIKLA	0.0874782529538375
GHALE	0.087411113916944
DUKHI	0.0873571016075899
RITEA	0.0873162160257751
STHAN	0.0873047301391782
MAGAS	0.0873007725435663
FEROZ	0.0872981667754086
CASES	0.0872958500207391
MUKHI	0.087242513625112
AHMED	0.0871885013157579
ALMIR	0.0871729810476777
HIXOB	0.0871614951610808
UTRAK	0.087055111383315
MINDS	0.0870419846557757
GIVEN	0.0870051334554442
LENOY	0.0869863315054792
TULSI	0.0868987496776784
VIDHA	0.0868242945774168
MELLO	0.0867646838315083
VIKUN	0.086755514699581
SHAKE	0.0867334310677312
THAUN	0.0866761370764922
RIKAR	0.0866632225765697
ANTER	0.0866524126037
JAIME	0.0865312612574524
KERRY	0.0865223811390133
LADDU	0.0864192790431323
BEPOT	0.0864150324340321
SUGUR	0.0864077931565354
EGDOM	0.0863896671202975
THREE	0.0863267746925042
BEGAN	0.0862652340921651
DAIJI	0.0862203909147384
DIAKN	0.0862006240375581
HAPPY	0.0861548927187874
YENAM	0.086126921636895
RAZAN	0.0861058029322605
VHODD	0.0860517906229064
SPAIN	0.0859951725453945
URLAM	0.0859378785541556
MILES	0.0859263926675587
AIKUN	0.0858568600901244
MEDIA	0.0857406312667041
BEBDO	0.0857047449935879
STORM	0.0856596128026729
NASUN	0.0855631508564329
GANVA	0.0854436403511278
ZAICH	0.0854426754239125
TUJER	0.0854041833826385
XIKOI	0.0853724669327511
ISLAM	0.0853698611645933
DEVOS	0.0852789976549077
TIONS	0.0852331895502656
MINES	0.0852134994589567
TUVEM	0.0852052952542446
DEVAK	0.0851914158271069
SUHAS	0.0851064397674637
PURUN	0.0849820067393314
LEMON	0.0849655215440359
TTROK	0.0849493253622286
TASTE	0.0849361986346893
REKAD	0.0849131500756242
YATRA	0.0849091924800123
OSCAR	0.0848927072847168
VAZAK	0.0848739821206232
LANKA	0.0848518984887733
CHILD	0.0848075189974569
WIDOW	0.0847675983428573
FAMAD	0.0847577532972028
DUBAV	0.0847281413743681
ASPOT	0.0846651721607034
KUXIK	0.0846128774781631
NEURO	0.0845996739647524
TACHE	0.0845562594006512
THOMA	0.0845252188644909
VERNA	0.0845088104550668
XIVAI	0.0845081345413397
SHAME	0.0844768817775625
MIXED	0.0844097427406691
FIONA	0.0843803430454511
XANNE	0.0843583361994726
SEGID	0.0842681486035141
BETIM	0.0842681486035141
VHALL	0.084191376748583
TESCO	0.0840185298476509
RISEN	0.0839915236929738
TURNS	0.0839579541745271
FALLS	0.0839572782608
OLDER	0.0839440747473893
KRODH	0.0837484683008803
HICHO	0.0837412290233835
XIMAM	0.0837395881824411
RAYER	0.0837076595049368
TILES	0.0837017720548943
MUNIS	0.0837017720548943
SASHA	0.0836243242862361
JIVEM	0.0835773390267619
DESAK	0.0835380942858895
MAYBE	0.0835249675583502
GELIM	0.0835249675583502
GHOTT	0.0835104122174853
ACHEO	0.0834587166628007
RAJEA	0.0834481957034192
DISUN	0.0833882959440225
ZAYAT	0.0833573321937335
BRIAN	0.0833441286803228
GHORK	0.0833441286803228
UNDER	0.0833277202708987
CLEAR	0.0833039957981065
LAILE	0.0832575117797373
BHOTT	0.0832525892569101
SHAPE	0.0832467018068675
VEGIM	0.0832384976021555
CALLS	0.0832157380565786
BUILD	0.0831541974562395
TALAQ	0.0831011500741007
STOTR	0.0830921931697901
VECHO	0.0830731789922083
GUPIT	0.0830682564693811
GACHE	0.0830666156284387
NIWAS	0.0830208075237966
NUTAN	0.0829391131460383
AFTER	0.0829062195413187
MANAN	0.0828254900907757
UJEAR	0.0827899907178984
SPORT	0.0827171764585792
JIKTA	0.082712253935752
KEMRA	0.0826582416263979
DREAM	0.0826566007854555
SHACK	0.0825894617485621
MAHAL	0.0825667022029851
LINED	0.0825591739120002
GHOVA	0.0825199291711278
RAJAN	0.0825077673708038
PIEUN	0.0824985982388764
WHOLE	0.0824445859295223
GHETA	0.0824192206157877
PIDDA	0.0823727365974185
RAGAK	0.0823710957564761
PLAIN	0.0823701308292608
BHONV	0.0823062734742522
NUVEM	0.0822072057598545
JEVON	0.08215975681427
VSARI	0.082149159069017
DURGA	0.0821393140233626
ADLIM	0.0820885833958933
JAPAN	0.0820714990727421
SUITS	0.0819921214496533
THIRD	0.0818831319037297
LAKHA	0.0818268028397061
MISRA	0.0818086768034682
OSTAD	0.0817292991803794
RACHE	0.0817063274071857
FIDES	0.0815818943790533
JELAD	0.0815581699062611
NACHE	0.0815581699062611
PURNN	0.081557493992534
NANCY	0.0815558531515915
UDKAN	0.0815410087972385
ASLIM	0.0815172843244462
PAPAL	0.0814520751419834
DHANV	0.0814517861284952
DLEAT	0.0814247799738182
SUKHA	0.0813691268235216
BURMA	0.0813388389869597
STORY	0.081259461363871
THAVN	0.0812528980001013
BAPAK	0.0812489404044894
DELHI	0.0812463346363317
APRIL	0.0812340960501363
STEAK	0.0811988856907472
GHODD	0.0811409157857811
CATCH	0.0811343524220115
QUOTA	0.0810622140764195
VETAT	0.0810246869623608
JYOTI	0.0809967158804685
OKMAN	0.0809018179892995
CHINT	0.0808992890070132
TEJON	0.0808788462161058
AITIM	0.0808356438796214
TUJIM	0.0807847010245353
WATCH	0.0807814193426505
VAVRA	0.080745745297151
HANGA	0.0807079291696042
ABRIL	0.0806325091421274
THANK	0.0806005804646231
HAMVA	0.0805679758733917
MIGHT	0.0805604475824067
EKVOT	0.0805162803187071
MELTA	0.0804540638046409
LIVED	0.0804172126043094
UTTOR	0.0803232796403557
TEVUI	0.0802183244759155
CAUSE	0.0802166836349731
XACHE	0.0801831141165264
ZACHE	0.0801544671209069
VIKTI	0.0801382709390996
UTTAR	0.0800908219935151
TIMES	0.0800783711797029
MUSIK	0.0800513650250259
DEVKI	0.0799064892059861
APLIM	0.0798876872560211
AILIM	0.0798346398738823
AILAM	0.0798346398738823
SINCE	0.0797836970187962
EKMOT	0.0797477339598085
LLEAR	0.079745417205139
BABAN	0.0797095309320228
LACHE	0.079702678554765
AMGER	0.0796838766047999
SWAMI	0.0796822357638576
ZAVPA	0.0796749964863608
DILIM	0.0796512720135686
PETER	0.0796463494907413
SPEAK	0.0796249417726186
TEXAS	0.0796216600907338
FASAK	0.0795939780223296
CHEAP	0.0795578027357252
LAURA	0.0795178820811256
NIGUT	0.0795037904263711
KELEM	0.0795014736717016
CHALU	0.0794751434307516
LAGLE	0.0793934490529933
GIVES	0.0793572737663889
BERTH	0.0793572737663889
AVOID	0.079336078275883
DLEAN	0.0792828186661274
GHALA	0.0792805019114578
CHUKI	0.0792443266248534
VIDVA	0.0792346938068157
LHONV	0.0792001593611537
NIXED	0.0791870326336145
CUMIN	0.0791567447970526
DIVLI	0.079135626092418
GANGA	0.0791112257058987
PIYEL	0.0790405159736323
DEKHI	0.0790233548646097
DIVNK	0.0789660608733707
XIKUN	0.0789611383505435
PETTI	0.0788778031318428
WALLS	0.0788761622909004
UBHEO	0.0788244667362158
INTER	0.0787991014224811
OPMAN	0.0786992810084849
MHONN	0.0786617538944263
CHOLL	0.0786535496897142
CHOLO	0.0786535496897142
THOSE	0.0786321419715915
XIZOI	0.078629825216922
RAZAK	0.0786028190622449
NIBAN	0.0785741720666255
VERSA	0.0785732071394102
AROPI	0.0785691727579268
ZENIT	0.0785314334162514
FINDS	0.0785011455796895
EVROP	0.0784602599978747
KHUNN	0.0784464573566083
XEKIM	0.0784184862747159
KHUXE	0.078352988078765
MENON	0.0783466369426121
THINK	0.0783121024969501
BHATT	0.078311426583223
UNDDO	0.0782336898010766
HINDU	0.0781655858369679
GULLI	0.078161628241356
SMART	0.0781500655688877
LINES	0.078135298000406
KELET	0.0781329812457365
GHEUM	0.0781238121138092
SUXEG	0.0780329486041235
DRAIN	0.07801339395456
ORGAN	0.0779896694817677
NEVRI	0.0779396915538969
ZATAT	0.0779129744127081
JIVEA	0.077882397562658
CHAND	0.0778218218895342
ZAYNA	0.0777908581392452
RUPEM	0.0777882523710875
YBHOR	0.077713797270826
KUSVE	0.0776720235476672
NIALL	0.0776083784202754
MHOJE	0.0775099866196049
RIGUN	0.0775099866196049
DISLI	0.0774823045512007
GREAT	0.0774592559921355
GUNGI	0.077448735032754
RUPIA	0.0773815192099892
BURKE	0.0773028942864989
DEANT	0.0772873740184187
AILEA	0.0772646144728418
KRIST	0.0772620087046841
VILIN	0.077222840749683
MEANT	0.0771727860359408
JIKLE	0.0771310123127821
DUBAU	0.0771115344490899
SINGH	0.0771056469990474
FIELD	0.0771007244762202
ADMIT	0.0770966900947369
BIZLE	0.0770687957987159
XETKI	0.0770499938487509
ASAOM	0.0769912712441863
TLEAN	0.076943610070985
HURBA	0.076943610070985
XALLA	0.0769406174025884
BELOW	0.0768748301931492
ADLEM	0.0768003750928877
FLOUR	0.0767733689382106
DISTI	0.0767710521835411
HEVUI	0.0767635238925562
DIVPA	0.0767193566288565
NIYON	0.0766663092467177
MEALS	0.0766571401147903
NECHO	0.0766538584329055
LIKES	0.076625211437286
MEKAK	0.0766040927326515
SUNNY	0.0765844026413426
CHINA	0.0765728399688743
LAUGH	0.0764819764591887
SIGNS	0.0763650717220412
ELRID	0.0762863700126796
BURQA	0.0762781658079675
AIKAT	0.0762431676761952
ASLEM	0.0762290760214406
SHOWS	0.0762267592667711
NEPAL	0.0762257943395558
ZANNA	0.0761990771983669
FUNGI	0.0761840206163971
ASCHO	0.0761546209211791
MAPAM	0.0761164178933933
PIDDE	0.0760802426067889
LUMEN	0.076072714315804
LIVES	0.0759933366927152
UTPON	0.0759475285880731
FIXED	0.0758689036645829
XIMEK	0.0758501017146179
OSLIM	0.0757568446643913
XABAS	0.0757364786593553
GUARD	0.0757183526231174
TRAIN	0.0756741853594177
ANCHO	0.0756692628365905
CHODD	0.0755728008903505
TUJEM	0.0754964927215297
RIGHT	0.0754858949762768
RITIM	0.0754631354306998
KRIZM	0.0754572479806573
MERCY	0.0754105517346713
DIXTT	0.0753387024025675
NIGHT	0.0753377374753521
JIETA	0.0753172946844447
METER	0.0753116962478904
SELVY	0.0752959637521934
READY	0.0752600006932058
SMILE	0.0752247903338167
WHILE	0.0752149452881622
LAILI	0.0751268997742511
UNNEO	0.0751210123242085
NAYAK	0.0751160898013813
GUIDE	0.0750782736738345
AVOIK	0.0750570781833286
DUENT	0.0750479858372726
JAMMU	0.0750252262916957
ORLIM	0.0749915799873776
ENRON	0.0749843407098808
VHANN	0.0749172016729874
AVOIS	0.0749122023642888
JIKUN	0.0749063917001177
AMCHO	0.0748990756367495
ASLET	0.0748605835954756
PLANT	0.0748589427545332
VISIT	0.0748566259998637
MITTA	0.0748427465727259
DTOLE	0.0748082121270639
VIXIM	0.0747927686448551
DHOKO	0.0746978707536861
NAMNA	0.0746922723171317
STAND	0.0746919833036436
BACHA	0.0746781806623772
SCALE	0.0746518504214272
PITCH	0.0746182809029805
GHEUN	0.0746133583801533
APLEM	0.0745994789530155
BEGIN	0.0745593460707992
WHITE	0.0745036929205026
TIVIM	0.0744572089021334
IZNER	0.0743973091427368
DENTS	0.0743923866199095
KENNY	0.0743884290242976
STONE	0.0743801480337142
SETEM	0.0743647045515054
FUTTI	0.0743360575558859
NURSE	0.0741951393324581
GRAIN	0.0741845415872051
GAWAS	0.0741068815909301
THING	0.0740535451953031
RULES	0.0740519043543607
UGTIM	0.0740248981996836
XIXEM	0.0740225814450141
BHORO	0.0739816958631993
UZVAD	0.0739405980537676
BRAIN	0.0739267186266298
ORDEM	0.0738997124719528
TEDNA	0.0738628612716213
GHENA	0.0738562979078516
ANTON	0.0738532284535836
KELEA	0.0738065322075976
STORE	0.0736721773479394
VHELE	0.0736182418244567
LEGIT	0.0735951932653916
HACHE	0.0735118580466908
LIGHT	0.0734822461238561
OMRUT	0.0734732892195455
AMITY	0.0734380788601564
EKTTO	0.0733277374867786
ISKOL	0.0733046889277135
TISRE	0.0732915622001742
ZHADD	0.0732876046045623
LIPUN	0.0732817171545198
RAGAR	0.0732664858999277
CREAM	0.0732596335226699
ODMAS	0.0732523174593018
MUSIC	0.073221141481396
DHARA	0.0731272085174423
XIKLI	0.0730551469577217
DEATH	0.0729780860893024
GIFTS	0.0729616776798783
VICKY	0.0729600368389359
DLOLI	0.0729045959162562
PROUD	0.0728700614705942
STUDY	0.0728470896974004
PLATE	0.0728029224337008
DHULL	0.0727367483240227
ABOUT	0.0727333898562664
GHEVM	0.0727005730374183
XIBIR	0.0726827360146685
VELIP	0.0726514832508914
FIDEI	0.0726221603415448
DUKHA	0.0725230158412757
PRINT	0.0724337931725325
MHELL	0.0724216313722085
DIUNK	0.0724035053359706
HINDI	0.0724028294222435
VIDHI	0.0724011885813011
DIXIT	0.0723422537491197
UBHOT	0.072320846030997
NEMLA	0.0723192051900546
MEREN	0.0723136067535002
IETAT	0.0722727211716854
CLAIM	0.072263552039758
JITLI	0.072224384084757
VIXEX	0.0722227432438146
BABAK	0.0722065470620073
RUPEA	0.0720933109069836
PEARL	0.0720933109069836
KEPEM	0.0720795082657172
FIGHT	0.0720196085063206
KIJIL	0.0719968489607436
RITIN	0.0719526816970439
DHOVO	0.0719256755423669
PEANK	0.0718624941010854
GHAME	0.0718019184279616
MICKY	0.0717634263866877
NANCH	0.0717153015273761
FUNDS	0.0717012098726215
CHOVK	0.0716333181361296
NIBEL	0.0716234730904752
PROSN	0.0715858691905451
EIGHT	0.071569460781121
AMDAR	0.0715295401265215
ASHOK	0.0714271139443676
CHILI	0.0714239090483541
JUDEV	0.071327158088626
TITLE	0.0713175252705883
GHAVE	0.0712862725068111
UKTEM	0.0712829908249263
LAGLA	0.0712628370475071
JECHO	0.071224055992745
APOUN	0.0711930154565846
RELIK	0.0711512417334258
YCHEO	0.0710554557009129
PEDRU	0.0710538148599705
BELTS	0.0710186045005814
ACHER	0.0710047250734436
SERVE	0.0709991266368893
BISPA	0.070979359759709
NAAKA	0.0709559243004049
ADULT	0.0709237066094124
QAMYA	0.0708812569725266
VIKRI	0.0708673775453888
ELIAS	0.0708140411497618
THARA	0.0707879999223
HEART	0.0707853941541423
CHOPS	0.0707739082675454
ARTIK	0.0707395860495002
CHITT	0.0707126566806946
XIKPA	0.0706388774941601
DEKUN	0.0705398097797624
RAJYA	0.070488403238566
OSLEM	0.0704686363613857
PRADE	0.0702967543876689
OCEAN	0.0702173767645801
LEANT	0.0700945845773902
MIXIN	0.070085704458951
XISTI	0.0700586983042739
GHANN	0.0700063268358622
REPLY	0.0699635881854882
OKHER	0.0699341884902702
CLEAN	0.0698858514033418
UTSOV	0.0698703311352616
UMEDI	0.0698031920983682
TUJEA	0.0698015512574258
ITALY	0.0697843901484032
CYRIL	0.0697679817389791
VINCH	0.0697663408980367
BHAXE	0.0696550345974436
MHAKA	0.0696421200975211
BHOBE	0.0696371975746939
LINGA	0.0696125081746863
SCORE	0.0696108673337439
BIBLE	0.0695700585378005
MHOZO	0.0695528974287779
KNOWS	0.0695216446650007
SHAHA	0.0694982092056966
ADOPT	0.0693980997782122
SMALL	0.0693826562960034
NIMIT	0.0693220806228797
FERNS	0.0693079889681251
OTHER	0.0693055954275842
GHARA	0.0692983561500874
PROXN	0.0692973912228721
TERMS	0.0692891870181601
TIMMY	0.069288511104433
HISPA	0.0692720259091375
DEGER	0.0692279354313092
GHEVN	0.0691901193037624
LINEL	0.0691755639628975
LYDIA	0.0691271500900977
THICK	0.0691156642035008
PUSUN	0.0690527717757076
PRONE	0.0690444907851241
RIVER	0.0690372515076274
YEYAT	0.0690069636710655
MHAPX	0.0689740700663459
ALTAR	0.0689611555664234
URLEM	0.068943782229784
BIZLI	0.0689381837932297
DUSRE	0.0688308350882485
UGTEM	0.0687366898966781
SPOKE	0.0687277329923675
CHIEF	0.0686744733826119
IGNOU	0.0685607735414779
DUXTT	0.0685387666954995
AGOST	0.0684830367593315
YEVOP	0.0684330588314607
ITLEM	0.0683201116899252
OUGHT	0.0682980280580754
STILL	0.0682940704624635
TINUI	0.0682367764712245
GHUTT	0.0681966435890082
NANVA	0.0681837290890857
SPOON	0.0681001048568968
GLORY	0.0680115581018807
PRIDE	0.0680082764199959
HETUN	0.0679697843787219
SPENT	0.0679108495465406
HEADS	0.0678969701194028
ABRAM	0.067870928891941
BHETT	0.0677382916590966
YETAT	0.0677227713910164
TRAFI	0.0676473513635396
DEANK	0.0676424288407124
GUNDD	0.0675680505263222
BREAK	0.0675564878538539
QUITE	0.0675400794444298
ASREA	0.0675320874673346
SUSEG	0.0675091156941409
INSUR	0.0674975530216726
VELHA	0.0674942713397878
LIMIT	0.0674665892713836
MERUM	0.0674616667485564
FESTA	0.0674050486710445
MEANS	0.0673829650391947
ASKED	0.0672716587386016
GHUNV	0.0672503278063503
ASTIG	0.067246293424867
LEARN	0.0672446525839246
WHOSE	0.0672348075382701
ZILLA	0.067215329674578
ALBIN	0.0672143647473627
GMAIL	0.0671300646014467
MELIM	0.0671211844830075
WILMA	0.0670678480873805
BROTH	0.0670474052964731
MULLA	0.0670418068599187
SEVEN	0.0669983922958176
BHIYE	0.0669957865276599
JEVTA	0.066946696741133
JERUL	0.0668525515495625
ATMIK	0.0668247926952869
URTAT	0.066820835099675
DIGRI	0.0668109900540205
FRONT	0.0667879414949554
ZABAB	0.0667480976262273
ASONK	0.0667470559131406
ENJOY	0.0667175207761772
CHEST	0.0666790287349033
GRANT	0.0666733535124775
UDDOY	0.0666423897621885
LEGAL	0.0665515262525029
APOXT	0.0665383227390922
JEANT	0.0665202734887257
LEADS	0.0664981898568759
UKHOL	0.0664188122337871
ACHIM	0.0663852427153404
TINCH	0.066345109833124
NEVER	0.0662331276188039
STOCK	0.066157707591327
ZULUM	0.0661103354316139
JIVIM	0.0660293169675827
UTTOY	0.0660154375404449
NIDHI	0.0659818680219982
NAACA	0.0658379571301738
GHUDD	0.065827147157304
AKHEM	0.0657869374892163
APOVN	0.0657697763801937
VELEM	0.0655996120332906
AVOLL	0.0655734940199575
AGREE	0.0655587264514758
VIGIL	0.0654612995780205
STYLE	0.0654537712870356
ULEAK	0.0654431735417826
UNTIL	0.0654382510189554
JEDNA	0.0654349693370706
HEARD	0.0654194490689904
TEANK	0.0653032202455701
GUEST	0.0652835301542611
DUENS	0.0652581648405265
JIBEK	0.0652548831586417
IDEAS	0.0651649077902999
TISRI	0.065160950194688
ALONE	0.0651444649993925
PLANS	0.065069121757787
XIKXA	0.0650209968984754
FLOOR	0.0650177152165906
UNION	0.0649989132666256
KRUTT	0.064926851706905
DEREK	0.0649252108659626
IEONK	0.0649136481934943
WIPES	0.0648824722155885
TRIED	0.064873515311278
HUKUM	0.0648343473562769
URONA	0.0647802582610514
OSLEA	0.0647736948972818
DHUVE	0.064742518919376
ASIDE	0.0647368436969502
JIVIT	0.0646608245416177
CUNHA	0.0646361351416101
DEPTH	0.064600924782221
ADARI	0.0644022488814439
ALMAR	0.0643367506854929
RELIC	0.0643210181897959
AVOYN	0.0643120612854854
FENNI	0.0642884135985645
YEVPI	0.0641998668435484
DINIZ	0.0641787481389139
LEAST	0.0641589812617336
PIXVI	0.0641451786204672
TRULY	0.0640329073926588
XIITH	0.06397986001052
ULHAS	0.0639011583011583
DILIP	0.0638669128689845
TRADE	0.0637374805321535
USVAS	0.0637302412546568
OFTEN	0.0637276354864991
JUANV	0.0637210721227294
DUMPS	0.0636875026042827
LHENV	0.0636858617633403
AHEAD	0.0636459411087408
PENNY	0.0636246101764894
DUTCH	0.0635982799355395
AGNEL	0.0634681716849814
NECHI	0.0634313204846499
BHUKE	0.0634280388027651
ANIEK	0.0633969982666047
MHUNN	0.0633479852659492
ONTOR	0.0633439508844658
SHEEP	0.0632587625972059
URLEA	0.0632488407656801
TITLI	0.0631869132651021
ICHER	0.0631514138922248
UTTER	0.0630967256691435
RETIR	0.0630476358826167
PELEA	0.0630427133597894
UGTEA	0.0630417484325741
AICHE	0.0629590891276005
ASCHI	0.0629320829729235
ANGAR	0.0629060417454617
BHAVA	0.0628978375407497
ANDRE	0.0628797115045117
CYBER	0.0628771825222254
MELBA	0.0628682256179149
LMANT	0.062819135831388
KNOCK	0.0627611659264219
LUIZA	0.0627045478489101
HILLS	0.0626989494123558
FUDDA	0.0626973085714133
FEAST	0.062696343644198
ITLEA	0.0626251702258213
UDEOG	0.0626169660211093
NEWLY	0.0625604247294688
SPEND	0.0625449044613886
AVODD	0.0624927452205937
YEVJI	0.0624826879473225
ANCHI	0.0624467248883348
SLOCH	0.0623575022195916
ABDUL	0.0623272143830297
DIVPI	0.0622962506327407
RUGBY	0.0622248649867472
UPSET	0.0622027813548974
PROVE	0.0621938244505868
CHINI	0.0621497339727585
BLADE	0.0621266854136934
TEDDY	0.0619745703171569
ALONG	0.0618599055488076
EMAIL	0.061853342185038
UBHIM	0.0617509927887554
VIEWS	0.0617444294249858
AMCHI	0.0616765376884939
HEAVY	0.0616110394925429
ALVES	0.0615873150197507
LIPIN	0.0615260634328998
WILLY	0.0615145775463029
FELIX	0.0613990246366097
INNER	0.0613337386682755
FIBRE	0.061319647013521
GRAND	0.0613074084273256
ADNIA	0.0612576427270715
AMONG	0.061232953327064
FRUIT	0.0611273222488967
UPDES	0.0611174772032422
ACHEM	0.0610970344123348
OTMIK	0.061064353035232
BRAND	0.0610495854667503
JAAYA	0.0610097415980222
AKHIL	0.0610004956802234
XEANK	0.0609300749614452
LZANT	0.0609014279658257
ONATH	0.0608957527434
FROST	0.0608523381792988
TTHAV	0.0607927274333904
RIBIN	0.0607878049105631
SNACK	0.0607868399833478
AANAI	0.0607159555784593
GELEM	0.0606887371961654
DHADD	0.0606520982234507
ULOYT	0.0606485275280777
START	0.0606004026687661
KNOWN	0.0605619106274922
DITIT	0.060534228559088
ANGEL	0.0604717230315336
LEANK	0.0604496393996838
TICHE	0.0604365126721445
UPEOG	0.0604160698812371
GLLIM	0.0604121122856252
USOLL	0.060396592017545
LEGUN	0.0603726553171359
DVANK	0.0602793982669094
GEETA	0.0602754406712974
ULOVN	0.0602507512712899
THERE	0.0602148649981737
TREAT	0.0601993447300935
DIMBI	0.0600699891791339
CHEDD	0.060058503292537
THYME	0.0600321730515871
VELEA	0.0599046705691867
VELLA	0.0599046705691867
EQUAL	0.0598382074460204
STAGE	0.059817764655113
ENTER	0.0598154479004435
FULLY	0.0597957578091346
ASTAM	0.0596820579680006
OFFER	0.0596804171270581
WROTE	0.0596508052042234
GHUNN	0.0596337208810722
AGAIN	0.0595691108264651
TUNCH	0.059545174126056
SEVEK	0.059495408425802
DRAFT	0.0594789232305065
URONK	0.0594617621214839
SWING	0.0593176390020427
ULTRA	0.0593136046205593
ANNEM	0.0592793591883855
RUPYA	0.0591335184421305
REDDY	0.0591246383236913
AROSE	0.0590721900694082
GRIND	0.0590189304596526
LEANV	0.0589616364684136
OPRUB	0.0589379119956214
STICK	0.0589280669499669
AGENT	0.0589043424771747
BLIND	0.058897779113405
MELEA	0.0587080601169385
SPACE	0.0586686031484493
APPLY	0.0586442027619299
YCHER	0.0586014641115559
DRINK	0.058568782734453
FRIED	0.0585572968478562
ANITA	0.0584903700385796
TRANS	0.058373176287944
AVILA	0.0583438533785974
DGANV	0.0581611614320108
ADHAR	0.0581449652502035
PIECE	0.0581219934770098
EMPTY	0.0580604528766707
UPOTT	0.0580557425814602
UNNIM	0.0580475383767482
ALLOW	0.058032018108668
UZVEA	0.0579859977764091
ZHUZA	0.0579615973898898
LUCKY	0.057885289221069
OJEAP	0.0578575303667935
JUDGE	0.0578550013845072
BROWN	0.0578190383255195
HEBEI	0.0576988519064873
YEVUN	0.0576880419336176
ASONA	0.0576424460565923
ELVIS	0.0575865806786789
OTUBR	0.0575154072603022
ULOUM	0.0574287903597167
SLICE	0.0573811291865154
ANOND	0.0573576169413399
CIVIL	0.0573248001224918
UNNAV	0.0572519858631726
URGED	0.0570119999253471
BEING	0.0570087182434623
DRAWN	0.0569645509797626
BLANK	0.0569072569885236
PTMGA	0.0569056161475812
AVOYK	0.0568090774154698
GRAVY	0.0567910281651033
JEANS	0.0567304524919796
ABOVE	0.0566912077511071
ADLEA	0.056682327632668
NEURA	0.0565430502501825
PLAYS	0.0564742703723467
UBHEM	0.0564627844857499
SPICE	0.0563801251807763
VCHEA	0.0563007475576875
STATE	0.0562559043802607
XIKPI	0.0562157714980444
CHOCH	0.0561962936343522
SEEDS	0.0561578015930783
THITI	0.0560244116606354
PRANN	0.0559727161059508
GROUP	0.0557712222093992
DIUPI	0.0557336950953406
RCHEM	0.0557245259634132
ALLEN	0.0556256704766323
PRIME	0.0554798297303772
FELCY	0.0554486537524715
UGODD	0.0553424822023224
BENNY	0.0553178695881863
URBEN	0.0552694557153865
NITIN	0.0551969304695555
LINGI	0.0551894021785706
GLLEM	0.0551239039826196
PLACE	0.0550435614323155
GELEA	0.0549937957320615
THESE	0.0549872323682919
UDENT	0.0549289734498376
GRILL	0.0549094955861455
GSIDC	0.0548683977767138
AICHI	0.0548284771221143
XIMPI	0.054815350394575
MUMBA	0.0547376136124287
LUNCH	0.0546915932801698
EDWIN	0.054612215657081
AKANT	0.0546042236799857
YEARS	0.0545696892343238
UDDKI	0.0545117193293577
APLEA	0.0544814314927958
GRIHA	0.0544649462975003
NEWER	0.0544110107740176
TRONN	0.0543546049241225
ODHIK	0.0542996276875531
GLOVE	0.0542815784371866
ASANT	0.0540312837675963
YCHIM	0.0539819817534526
OSTOM	0.0539216183079456
ULOUN	0.0539183366260608
ASIAN	0.0538373181620296
NEXUS	0.0538371059344128
DRIED	0.0538291139573176
ORDER	0.0537816650117331
EXTRA	0.0536006139060889
PEACE	0.0535614459510879
AATAM	0.0532907084905901
ERWIN	0.0532756519086202
SELLS	0.0532456530855466
ICHEM	0.053243723231116
OINNI	0.0532432595450056
UBALL	0.0532242453674238
HELPS	0.0531831475579922
OSADD	0.0531342699990821
ODDTA	0.0530786168487855
JEZUN	0.0530300675342404
BLOOD	0.0529443387749987
TEACH	0.0528795164927749
HEGDE	0.0527846953874773
UNNEM	0.0527593300737426
JUICE	0.0527501609418153
ARGAM	0.0527184444919278
PRIZE	0.0527059936781156
BLOCK	0.0526519813687615
PRICE	0.0526184118503148
ANNIE	0.0525801320366576
UMANV	0.0525423159091108
SENSE	0.0525327598769446
IGORZ	0.0524662199679069
ATMEA	0.052431974535733
WRITE	0.0524211645628633
FLANK	0.0523385052578897
TICHI	0.0523059006666583
TREND	0.0522239172754118
GLOBE	0.0521093292929339
MUMMY	0.0518722381367543
TTIKA	0.0518435143552634
DLOLE	0.0517780161593124
SWEET	0.0517534035451763
APART	0.0516937160133964
YEVNK	0.0516124853217484
ASUNK	0.0514332872846634
URINE	0.0512581236290618
EDICT	0.0512482785834073
TENCH	0.0512114273830758
BEACH	0.051132049759987
ALIVE	0.0510641580234951
UDUPI	0.0510249900684941
TELLS	0.0510200675456668
NEEDS	0.0509341265588084
ALUNK	0.0508046942219774
ITLIM	0.050772089630746
QUICK	0.0507547162941066
DRIVE	0.0507441185488537
GRAMS	0.0505485121023446
REENA	0.0503522297421084
OSLEO	0.050350588901166
ADEUS	0.050231754309588
BRING	0.0502235501048759
LEUNK	0.0500770334448938
REACH	0.0500295844993093
REXEN	0.0498774694027728
CHECK	0.0497866058930871
ALINA	0.0497842123525462
CLOSE	0.0496285265606367
IEUNK	0.0495998795650172
BLAME	0.0495982387240748
GLLEA	0.0494289625185156
TRANT	0.0494134422504355
EXACT	0.0493927872319112
HICHE	0.0493921113181841
YEVPA	0.0493657810772342
SPEED	0.0493618234816222
OSKOT	0.0493291421045194
TRACK	0.0493216138135345
DRAWS	0.0493166912907073
AROPA	0.0493119809954968
IGORJ	0.0492962484997998
CROWD	0.049284762613203
INDIA	0.0488437840199308
WHERE	0.0488175305648523
IBADD	0.0488102145014841
USING	0.0487388288554906
YCHEM	0.048693773450447
WHICH	0.0486137199136311
ENANT	0.0484934567087275
OPERA	0.0484532470406398
DEGEK	0.048306807166529
ULOVP	0.0479768458603617
EMBER	0.0478803839141217
WRONG	0.0478033230457025
ONNIK	0.0477936902276648
BLACK	0.0477108186950744
YETEA	0.0476037590035814
ICHEA	0.047548781767012
INSTI	0.0474621648664265
PSESA	0.0474048708751875
DENGE	0.0472485091695509
AXETA	0.0471184009189928
UNNEA	0.0470643886096387
GRACE	0.0468579721902598
ERROR	0.0468190164628756
SCENE	0.046673928416219
UMEDH	0.0464233447331405
LENCH	0.0463578465371895
NEHRU	0.0462850322778704
NEVEL	0.0462507868456966
GRAPH	0.0462359424913435
SEEKS	0.0458859041936284
ANINK	0.0458489762074255
AMICH	0.0458381662345557
ELIZA	0.0458095192389362
AKHEA	0.0456688900289966
RELVE	0.0455428161599218
JEZUK	0.0455270836642248
LEASE	0.0454094262274789
TBLSP	0.0453904120498971
OLIVE	0.0453037183634402
ODDUN	0.0452727546131512
YEUNK	0.0450499297843482
FLAME	0.0450294869934408
BEBUK	0.0447087716050723
USAGE	0.0446906455688344
LEAVE	0.0444943632085982
MELEM	0.0442849541208227
OSOKT	0.0441923729843233
DRUMS	0.0440047585149094
CELLS	0.0439623088780236
STEVE	0.0438845720958772
UNDDE	0.0438845720958772
ORDHO	0.0438232437231549
SEEMS	0.0436293549034597
ARANK	0.0436210739128762
HEACH	0.0435473715122132
EVENT	0.0433992140112886
AWARD	0.0433534059066465
BEBDE	0.0432250152829022
FLASH	0.0431756364828872
STEPS	0.0431700380463328
ADNYA	0.0430096419592128
YCHEA	0.0429988319863431
EDOSO	0.0429891991683054
ASANV	0.0428983356586198
AVHAN	0.0428123946717614
GCZMA	0.0427393681848254
IXTTA	0.0425611350749557
BECKZ	0.0422981773639365
ABUSE	0.0422925021415107
ASSAM	0.0422166952137949
GLASS	0.042124866776894
IMAGE	0.0421018182178289
ARYAN	0.0421011423041018
WUSHU	0.042078170530908
GRASS	0.0419881951625663
ANGAK	0.0419849134806815
HENCH	0.0418792824025141
HENCE	0.0418792824025141
CRIME	0.0418627972072186
ASCHE	0.0418055032159797
ULOUP	0.0416444312151326
CROSS	0.0413612429408227
ANCHE	0.0413201451313911
SLEEP	0.0413129058538943
FLETT	0.0412236831851511
ACHEA	0.0409789869521151
JESUS	0.0408799192377174
GREEN	0.040775176300894
DRUGS	0.0407185582233821
APUNN	0.04069908035969
CHECH	0.0406819960365388
EKACH	0.0406661867549704
VECHE	0.0405934492815227
AMCHE	0.0405499579315501
BRIBE	0.0403250285756944
CLERK	0.0403158594437671
RENEW	0.0402848956934781
ASPAK	0.0402456509526057
ADDED	0.0402179688842015
STUFF	0.039912484750425
ODDEZ	0.0398159460183136
EVERY	0.039659584312677
ASTAT	0.0395640105077809
GSACS	0.0394926248617873
PRESS	0.0394639778661679
OGICH	0.0393599108430715
OGLLE	0.0389598178316142
ASPAV	0.0387576480213355
ADDAY	0.0383878428464401
OBAMA	0.0383746393330294
CRACK	0.0382772124595741
AREAL	0.03822320015022
REBEK	0.0381511385904994
AWARE	0.03810040796303
FEBRE	0.0380553525579865
INAMA	0.0380275937037109
EKAME	0.0376502602378305
GREED	0.0375511925234328
BREED	0.0372933695628576
BRUSH	0.0372351106444033
AREAS	0.0371395368395072
URUNK	0.0371010447982333
CLASS	0.0365567518814633
DUDDU	0.0362689300978144
AVHAL	0.0362481982934188
APNNA	0.0362205162250146
CLICK	0.0361254061062288
OKAWA	0.0361180900428607
AKASH	0.0357964097272769
GSPCB	0.035703693149032
DRESS	0.0352439126057948
AMKAM	0.0350844814458901
ANAND	0.0349968996180893
TBSPS	0.0349189506083262
USERS	0.0349001486583611
OGUNN	0.0345948767522014
LEVEL	0.0343518981459792
IMAJI	0.0343100476369491
ARMAM	0.0341743409498367
ISSUE	0.0341316022994626
EKUNN	0.0336126746964273
ODDON	0.0335171008915312
GREEK	0.0332721924308784
TRUST	0.0331052329799888
UDDUN	0.0327575114369432
FRESH	0.0324658299444331
ISPIK	0.0323923397713868
WEEKS	0.0322629842204273
CREED	0.0319830776280022
ASACH	0.0319626348370947
IRWIN	0.0318750530092939
TRUTH	0.0317350997130814
BLESS	0.0312939088921924
ONION	0.0309839266908222
EKUCH	0.0302935808001804
FLYNN	0.0299745062527543
OXECH	0.029475944654755
JNANA	0.0280823759285434
OROMB	0.0270092335772123
OPOKX	0.0266319001113319
IRISH	0.0266048939566548
OSOCH	0.0262021951770398
INCHI	0.025336221944686
EXCEL	0.0232670748963143
EKECH	0.0232466321054069
TWEET	0.0218185289335334
